,val,date
0,1.0,2017-06-17
1,1.0,2017-06-18
2,1.0,2017-06-19
3,1.0,2017-06-20
4,1.0,2017-06-21
5,52.88960091782232,2017-06-22
6,674.5467979754078,2017-06-23
7,405.5370282943647,2017-06-24
8,78.76496917947986,2017-06-25
9,125.50845665200929,2017-06-26
10,131.497525905087,2017-06-27
11,318.1248205006492,2017-06-28
12,210.66035932490388,2017-06-29
13,173.2752219317863,2017-06-30
14,96.90553736732208,2017-07-01
15,124.40822609908174,2017-07-02
16,9.02541680087827,2017-07-03
17,58.31352503385745,2017-07-04
18,86.49828959280491,2017-07-05
19,119.32933270117874,2017-07-06
20,242.8760766725505,2017-07-07
21,78.73608045884923,2017-07-08
22,98.00981233666296,2017-07-09
23,126.67470196409924,2017-07-10
24,121.6685610347966,2017-07-11
25,3.048128792737748,2017-07-12
26,23.77152827875144,2017-07-13
27,17.94114140439378,2017-07-14
28,161.4136044118476,2017-07-15
29,176.29850528794466,2017-07-16
30,301.1353949434176,2017-07-17
31,17.208082656352605,2017-07-18
32,25.842375979180986,2017-07-19
33,114.91418802770498,2017-07-20
34,67.5522760059927,2017-07-21
35,25.416731946981432,2017-07-22
36,37.73248442730103,2017-07-23
37,105.73973536224584,2017-07-24
38,9.883608359378952,2017-07-25
39,65.82114088079808,2017-07-26
40,109.9509180886026,2017-07-27
41,17.36652187719762,2017-07-28
42,61.10518484292559,2017-07-29
43,34.85219487899243,2017-07-30
44,91.43751959202508,2017-07-31
45,68.56349854399532,2017-08-01
46,88.74671479197039,2017-08-02
47,33.49755815166133,2017-08-03
48,109.11664584114054,2017-08-04
49,36.44728383939994,2017-08-05
50,39.73693681891908,2017-08-06
51,185.1936938596449,2017-08-07
52,183.84920701708893,2017-08-08
53,84.90113922255796,2017-08-09
54,147.48892936910124,2017-08-10
55,314.5981291064799,2017-08-11
56,618.5485450541497,2017-08-12
57,185.3499823660284,2017-08-13
58,221.12393533941207,2017-08-14
59,184.49376571013445,2017-08-15
60,169.61496538919226,2017-08-16
61,119.69406557175536,2017-08-17
62,202.33659827613823,2017-08-18
63,63.044754250369294,2017-08-19
64,71.75073012014917,2017-08-20
65,64.82118603733107,2017-08-21
66,116.29440813394464,2017-08-22
67,127.57723306410362,2017-08-23
68,87.12201869587204,2017-08-24
69,208.1120290484401,2017-08-25
70,51.27041285332368,2017-08-26
71,13.0790511970451,2017-08-27
72,175.54506694875457,2017-08-28
73,80.19315110803358,2017-08-29
74,130.024035051742,2017-08-30
75,133.08040258871986,2017-08-31
76,131.6293386486058,2017-09-01
77,105.57754923312343,2017-09-02
78,165.08034061639555,2017-09-03
79,207.9875768309956,2017-09-04
80,132.689547370639,2017-09-05
81,95.56079480599796,2017-09-06
82,125.95544797266982,2017-09-07
83,96.36333357094044,2017-09-08
84,14.571892009349938,2017-09-09
85,96.45725925831022,2017-09-10
86,121.40902900438572,2017-09-11
87,70.38800954129835,2017-09-12
88,101.2796330396954,2017-09-13
89,111.1611449203032,2017-09-14
90,63.29756812007693,2017-09-15
91,30.9956272105914,2017-09-16
92,70.40308003986775,2017-09-17
93,114.62906951052288,2017-09-18
94,120.17579298272598,2017-09-19
95,58.0733241256663,2017-09-20
96,95.3053635980229,2017-09-21
97,87.3735499075313,2017-09-22
98,83.41440247910536,2017-09-23
99,50.81676906926559,2017-09-24
100,50.11683571858934,2017-09-25
101,59.882362907732976,2017-09-26
102,31.65311044196412,2017-09-27
103,134.67774750923132,2017-09-28
104,19.0331715237922,2017-09-29
105,74.12031624309506,2017-09-30
106,110.5009774037206,2017-10-01
107,103.21513828542275,2017-10-02
108,86.36850603017722,2017-10-03
109,51.02812827643872,2017-10-04
110,82.95846416789355,2017-10-05
111,82.68474183481834,2017-10-06
112,54.07065041040775,2017-10-07
113,75.40949557864424,2017-10-08
114,53.00302588272528,2017-10-09
115,106.69817613707475,2017-10-10
116,73.97536964151043,2017-10-11
117,132.18310609378946,2017-10-12
118,245.25330685378032,2017-10-13
119,148.93634744904045,2017-10-14
120,130.74329054920597,2017-10-15
121,129.17077674598045,2017-10-16
122,64.76649983636084,2017-10-17
123,78.0062840206882,2017-10-18
124,110.82175871208908,2017-10-19
125,73.28347656070446,2017-10-20
126,119.98170708184928,2017-10-21
127,30.78291057945765,2017-10-22
128,93.91191436932732,2017-10-23
129,136.67103707410666,2017-10-24
130,48.48923534531001,2017-10-25
131,30.002252633144224,2017-10-26
132,74.35795404177247,2017-10-27
133,27.70855612062177,2017-10-28
134,98.17160294234604,2017-10-29
135,67.98242050026721,2017-10-30
136,85.407905965023,2017-10-31
137,115.87290239552648,2017-11-01
138,179.1525403346898,2017-11-02
139,138.22265555392983,2017-11-03
140,154.26130751054117,2017-11-04
141,238.7224974542812,2017-11-05
142,169.8986317038554,2017-11-06
143,196.1994095326125,2017-11-07
144,410.33147468385897,2017-11-08
145,274.8013180863271,2017-11-09
146,243.92382531742453,2017-11-10
147,213.24636959532785,2017-11-11
148,246.8956394300676,2017-11-12
149,193.64924248728377,2017-11-13
150,57.76298569436804,2017-11-14
151,177.1640639491479,2017-11-15
152,186.60114613751784,2017-11-16
153,133.3939557863856,2017-11-17
154,104.85365546988768,2017-11-18
155,234.8490982071608,2017-11-19
156,83.68087141264482,2017-11-20
157,81.69021779782327,2017-11-21
158,231.60559717805376,2017-11-22
159,224.74422926272504,2017-11-23
160,351.70686266582624,2017-11-24
161,205.9259949520245,2017-11-25
162,199.810994510382,2017-11-26
163,147.50199822694802,2017-11-27
164,169.38703346847294,2017-11-28
165,146.36642369865547,2017-11-29
166,154.23471099888798,2017-11-30
167,111.25478272629704,2017-12-01
168,87.66836318674109,2017-12-02
169,155.42840131267616,2017-12-03
170,189.896092611018,2017-12-04
171,63.65837062503493,2017-12-05
172,173.67703778873437,2017-12-06
173,178.90833413835094,2017-12-07
174,204.6878851707804,2017-12-08
175,238.0533741957113,2017-12-09
176,182.00184084720016,2017-12-10
177,133.53988416544348,2017-12-11
178,386.4245846061111,2017-12-12
179,167.00074045100467,2017-12-13
180,217.1498665321913,2017-12-14
181,148.34181956248608,2017-12-15
182,140.77787144773723,2017-12-16
183,177.7888789677393,2017-12-17
184,163.73129523528502,2017-12-18
185,293.3196226359629,2017-12-19
186,28.953782566050663,2017-12-20
187,136.63214772763155,2017-12-21
188,183.0435771614614,2017-12-22
189,87.98080845156336,2017-12-23
190,174.7889451258435,2017-12-24
191,593.0078844461369,2017-12-25
192,229.9643362223362,2017-12-26
193,189.07427828120623,2017-12-27
194,211.455993932318,2017-12-28
195,315.0201610077382,2017-12-29
196,732.3648222492769,2017-12-30
197,343.4586685960295,2017-12-31
198,363.5553574472389,2018-01-01
199,152.89748242682825,2018-01-02
200,213.08768148585656,2018-01-03
201,278.41881589256474,2018-01-04
202,253.4746990673441,2018-01-05
203,736.4457693768796,2018-01-06
204,399.869138005146,2018-01-07
205,395.49671249901047,2018-01-08
206,366.1021236275879,2018-01-09
207,445.922189810969,2018-01-10
208,571.6991708971537,2018-01-11
209,297.4573442831144,2018-01-12
210,429.1721587904344,2018-01-13
211,180.49058785428363,2018-01-14
212,460.9423919537391,2018-01-15
213,599.0595248940566,2018-01-16
214,207.6302119927036,2018-01-17
215,353.1066454986609,2018-01-18
216,306.5893597524729,2018-01-19
217,284.3121561432377,2018-01-20
218,15.643807832885932,2018-01-21
219,413.8448626235243,2018-01-22
220,123.67975050821435,2018-01-23
221,483.54671870940894,2018-01-24
222,114.93693129206386,2018-01-25
223,520.3426881958957,2018-01-26
224,666.7497991884624,2018-01-27
225,508.48805247798094,2018-01-28
226,246.3988746900831,2018-01-29
227,399.4805340939992,2018-01-30
228,255.4956768034576,2018-01-31
229,21.40306810973305,2018-02-01
230,636.8289454976485,2018-02-02
231,84.58605516888947,2018-02-03
232,61.11756498958815,2018-02-04
233,141.0349843473861,2018-02-05
234,13.338177629473783,2018-02-06
235,158.30140272690082,2018-02-07
236,268.84802934207045,2018-02-08
237,65.54831093091406,2018-02-09
238,84.85194122915313,2018-02-10
239,9.491349937830298,2018-02-11
240,266.61652252953934,2018-02-12
241,373.0117127499324,2018-02-13
242,574.7695773710271,2018-02-14
243,624.0713897144293,2018-02-15
244,525.8826340965807,2018-02-16
245,279.8433904678555,2018-02-17
246,521.025097116141,2018-02-18
247,521.0465856793295,2018-02-19
248,517.4976707419981,2018-02-20
249,108.37451756069773,2018-02-21
250,282.2889219181525,2018-02-22
251,316.2675291742851,2018-02-23
252,279.9700150268422,2018-02-24
253,373.96578161693583,2018-02-25
254,295.46398038445,2018-02-26
255,569.4925316513676,2018-02-27
256,318.6149366816285,2018-02-28
257,259.1251893591562,2018-03-01
258,1108.4358269316308,2018-03-02
259,582.9882385661688,2018-03-03
260,512.6234210227765,2018-03-04
261,243.72917601607395,2018-03-05
262,487.0686267994098,2018-03-06
263,182.8870671854081,2018-03-07
264,785.6928692125819,2018-03-08
265,745.1196765461293,2018-03-09
266,518.6964433959319,2018-03-10
267,81.11638950315269,2018-03-11
268,404.14272368561376,2018-03-12
269,107.60024581357136,2018-03-13
270,645.0027006688717,2018-03-14
271,1049.8091863015152,2018-03-15
272,425.102771554141,2018-03-16
273,541.5567908059861,2018-03-17
274,920.6169655742092,2018-03-18
275,555.8394295146361,2018-03-19
276,675.4124633464903,2018-03-20
277,1095.5583255291322,2018-03-21
278,986.3976659998071,2018-03-22
279,1357.9864415695995,2018-03-23
280,1126.5008664756765,2018-03-24
281,1027.3941792487556,2018-03-25
282,10.873254505295131,2018-03-26
283,675.042191822786,2018-03-27
284,492.9948859569594,2018-03-28
285,1162.007274146504,2018-03-29
286,1326.0327982369329,2018-03-30
287,821.4920227950458,2018-03-31
288,902.8977041130788,2018-04-01
289,32.92238016606273,2018-04-02
290,1166.7101462997712,2018-04-03
291,221.4711820384468,2018-04-04
292,1180.8626803380355,2018-04-05
293,1020.6046566971206,2018-04-06
294,1115.342762061175,2018-04-07
295,1001.4125939198168,2018-04-08
296,1142.3617660919742,2018-04-09
297,910.746295432586,2018-04-10
298,1124.926178658574,2018-04-11
299,1365.6793994236564,2018-04-12
300,2199.073959757836,2018-04-13
301,1964.1177627795485,2018-04-14
302,1467.8071805535124,2018-04-15
303,1352.06048126721,2018-04-16
304,1440.579341315562,2018-04-17
305,2764.262697816514,2018-04-18
306,2946.6411378261464,2018-04-19
307,3106.9152355481247,2018-04-20
308,2442.2799731568152,2018-04-21
309,46.97665916758195,2018-04-22
310,2439.371966693853,2018-04-23
311,2702.971395165931,2018-04-24
312,2890.791213388077,2018-04-25
313,364.76312118412994,2018-04-26
314,1846.5546982733008,2018-04-27
315,584.0798323987799,2018-04-28
316,1046.0539386270927,2018-04-29
317,2293.76622609587,2018-04-30
318,1453.6017268963026,2018-05-01
319,1484.7634806385472,2018-05-02
320,1990.5619143833887,2018-05-03
321,1698.9123652414223,2018-05-04
322,1536.5156807094145,2018-05-05
323,1825.0450139872485,2018-05-06
324,3155.88977775066,2018-05-07
325,2232.107897481618,2018-05-08
326,3063.415965118836,2018-05-09
327,2373.4077912203,2018-05-10
328,3030.8685854908813,2018-05-11
329,2134.183932481631,2018-05-12
330,2820.930161964152,2018-05-13
331,3238.694227835869,2018-05-14
332,3269.749191904818,2018-05-15
333,1924.96528978096,2018-05-16
334,1984.503066907292,2018-05-17
335,1317.712207771716,2018-05-18
336,1734.6123881776366,2018-05-19
337,1804.5188859360208,2018-05-20
338,2877.654138501048,2018-05-21
339,1463.840126713272,2018-05-22
340,1846.0050272117005,2018-05-23
341,2269.3504533491537,2018-05-24
342,1811.983154336404,2018-05-25
343,735.5684505977392,2018-05-26
344,811.8369228762544,2018-05-27
345,1313.497567185343,2018-05-28
346,347.10275478713004,2018-05-29
347,47.26320959989992,2018-05-30
348,563.4390301246285,2018-05-31
349,1059.1347438285416,2018-06-01
350,1174.636813486933,2018-06-02
351,543.5161604347637,2018-06-03
352,814.9453520165689,2018-06-04
353,688.4193381830671,2018-06-05
354,7.069246157875608,2018-06-06
355,370.95300420940055,2018-06-07
356,957.3359525477535,2018-06-08
357,548.6924479488812,2018-06-09
358,1299.9374069698931,2018-06-10
359,446.1128282324041,2018-06-11
360,1168.8764763674362,2018-06-12
361,811.4241173275044,2018-06-13
362,1683.2129162839744,2018-06-14
363,573.5809774262405,2018-06-15
364,953.0733410290004,2018-06-16
365,164.7802570078905,2018-06-17
366,566.6556747847216,2018-06-18
367,310.79813459724585,2018-06-19
368,903.1208292612948,2018-06-20
369,841.8444524121322,2018-06-21
370,691.1025663087366,2018-06-22
371,134.70991980147298,2018-06-23
372,1510.2147101229457,2018-06-24
373,958.5763288347416,2018-06-25
374,868.7278439927773,2018-06-26
375,1118.8767636907078,2018-06-27
376,413.6285973951792,2018-06-28
377,1078.1222103044047,2018-06-29
378,1018.875157881575,2018-06-30
379,404.3996744050255,2018-07-01
380,731.3535602583719,2018-07-02
381,548.4140715267616,2018-07-03
382,437.8695899133362,2018-07-04
383,339.6515709817961,2018-07-05
384,568.173862089388,2018-07-06
385,318.9546533275192,2018-07-07
386,464.1348234943792,2018-07-08
387,19.771379838246016,2018-07-09
388,68.02251027072234,2018-07-10
389,101.934148253775,2018-07-11
390,620.2965738283502,2018-07-12
391,812.1597748930601,2018-07-13
392,524.3489951863655,2018-07-14
393,506.4120853136312,2018-07-15
394,112.33794272644914,2018-07-16
395,1204.9010750280236,2018-07-17
396,642.3565253934531,2018-07-18
397,1467.341905507637,2018-07-19
398,1025.6889642521369,2018-07-20
399,804.6510375900125,2018-07-21
400,509.8881651280169,2018-07-22
401,1772.0289442955443,2018-07-23
402,1853.592550109555,2018-07-24
403,1014.6916422602242,2018-07-25
404,928.0421574258672,2018-07-26
405,1197.5087035261429,2018-07-27
406,1147.55174950298,2018-07-28
407,1241.6282715316293,2018-07-29
408,1135.6585340356287,2018-07-30
409,525.4019020653208,2018-07-31
410,1607.0920135743577,2018-08-01
411,1050.6134048439149,2018-08-02
412,897.2263179561429,2018-08-03
413,92.3594244373621,2018-08-04
414,703.360583986985,2018-08-05
415,579.4203659160694,2018-08-06
416,776.1704141631704,2018-08-07
417,720.6602347687206,2018-08-08
418,501.6621362215749,2018-08-09
419,1332.9034828482856,2018-08-10
420,856.8289625151696,2018-08-11
421,682.7662153390164,2018-08-12
422,1437.3229132500269,2018-08-13
423,35.96741935876117,2018-08-14
424,1390.5705248540842,2018-08-15
425,1345.9332424791316,2018-08-16
426,1040.305374059886,2018-08-17
427,930.390378142218,2018-08-18
428,1497.3305571439666,2018-08-19
429,519.2755321536299,2018-08-20
430,1065.393561562736,2018-08-21
431,1497.0178082289567,2018-08-22
432,1176.7137110880765,2018-08-23
433,983.0681785625871,2018-08-24
434,1133.5116403530596,2018-08-25
435,1094.3630913960983,2018-08-26
436,1119.889901724779,2018-08-27
437,1137.7563066151447,2018-08-28
438,1325.165888901875,2018-08-29
439,993.3533192963952,2018-08-30
440,1343.161944963611,2018-08-31
441,41.76098007503744,2018-09-01
442,898.1743777021422,2018-09-02
443,1275.449839597722,2018-09-03
444,1015.2799063447844,2018-09-04
445,2043.4585804901435,2018-09-05
446,13.508820309950474,2018-09-06
447,781.1779769876015,2018-09-07
448,942.2425761047064,2018-09-08
449,1138.7663951502668,2018-09-09
450,1171.2381277778968,2018-09-10
451,1164.4375857114542,2018-09-11
452,1021.2846770387848,2018-09-12
453,23.07502340453436,2018-09-13
454,1388.0675495290764,2018-09-14
455,172.68279604765374,2018-09-15
456,698.3087562374337,2018-09-16
457,1656.33614346139,2018-09-17
458,1608.0869344825137,2018-09-18
459,989.627042431996,2018-09-19
460,1482.077227188463,2018-09-20
461,1288.204010468185,2018-09-21
462,767.2924105006207,2018-09-22
463,570.5884996524333,2018-09-23
464,1022.9302020495104,2018-09-24
465,38.24395925803356,2018-09-25
466,482.76091359801126,2018-09-26
467,940.7060115105808,2018-09-27
468,1101.514850964273,2018-09-28
469,699.9110923174735,2018-09-29
470,135.22812769030097,2018-09-30
471,810.5369718249474,2018-10-01
472,979.115738928022,2018-10-02
473,271.394830852268,2018-10-03
474,941.5939967454505,2018-10-04
475,1271.019274043436,2018-10-05
476,755.021524881435,2018-10-06
477,662.1002287954983,2018-10-07
478,573.7606086329793,2018-10-08
479,538.1108652374712,2018-10-09
480,791.7721040641029,2018-10-10
481,89.02288470611892,2018-10-11
482,783.6877725682745,2018-10-12
483,678.8737144161769,2018-10-13
484,442.5983400602452,2018-10-14
485,1248.1586739995264,2018-10-15
486,694.6363311816082,2018-10-16
487,1282.5081433862222,2018-10-17
488,736.2494538980284,2018-10-18
489,2569.4633225973525,2018-10-19
490,2210.6832511297644,2018-10-20
491,1062.3347913176783,2018-10-21
492,265.9135393313723,2018-10-22
493,1238.1640130214116,2018-10-23
494,321.9932796742428,2018-10-24
495,1481.1020910237037,2018-10-25
496,1012.6951600968764,2018-10-26
497,1371.2707936508896,2018-10-27
498,423.8649825637713,2018-10-28
499,718.472866917676,2018-10-29
500,1049.1621001095875,2018-10-30
501,546.4207876967135,2018-10-31
502,364.49055257155845,2018-11-01
503,706.5838429787896,2018-11-02
504,1063.4124347330016,2018-11-03
505,213.8672462373169,2018-11-04
506,4.967391523025454,2018-11-05
507,1141.411975337642,2018-11-06
508,1269.58585318553,2018-11-07
509,1710.902726287418,2018-11-08
510,856.2793146713248,2018-11-09
511,1111.294517255326,2018-11-10
512,880.2887961973144,2018-11-11
513,929.9844317902632,2018-11-12
514,1350.5669448310684,2018-11-13
515,2273.4637707505453,2018-11-14
516,21.90164179585896,2018-11-15
517,1702.1922111328554,2018-11-16
518,629.6975755802789,2018-11-17
519,793.1283183449353,2018-11-18
520,58.92545059304781,2018-11-19
521,2608.779550381079,2018-11-20
522,608.568271386404,2018-11-21
523,877.9288299066219,2018-11-22
524,893.4132402314247,2018-11-23
525,1092.6305920596508,2018-11-24
526,173.68650869553218,2018-11-25
527,1470.513209468697,2018-11-26
528,1476.6137142169546,2018-11-27
529,599.2841388562297,2018-11-28
530,66.78466806530678,2018-11-29
531,974.7254001012913,2018-11-30
532,1342.4079310545735,2018-12-01
533,816.0050693762463,2018-12-02
534,948.0098286265164,2018-12-03
535,151.41659931842776,2018-12-04
536,398.4195785362219,2018-12-05
537,1138.459008703286,2018-12-06
538,1440.168372664884,2018-12-07
539,1766.7331597333489,2018-12-08
540,1725.3819454551872,2018-12-09
541,1359.0456882130031,2018-12-10
542,468.4800056702872,2018-12-11
543,379.7769271310973,2018-12-12
544,680.9537444855957,2018-12-13
545,845.2131997534898,2018-12-14
546,975.568964748212,2018-12-15
547,17.944800724597588,2018-12-16
548,141.3986509608085,2018-12-17
549,1170.7740722587307,2018-12-18
550,1847.9537821068768,2018-12-19
551,1391.8151869704127,2018-12-20
552,637.2737108283962,2018-12-21
553,922.66687368574,2018-12-22
554,134.70502850946698,2018-12-23
555,1508.696545920756,2018-12-24
556,1044.6870120418826,2018-12-25
557,1028.743225985952,2018-12-26
558,1493.797972724436,2018-12-27
559,1387.6240416266833,2018-12-28
560,1373.974205942098,2018-12-29
561,691.8530824828034,2018-12-30
562,895.9237957631068,2018-12-31
563,973.9857502161254,2019-01-01
564,38.94712732989822,2019-01-02
565,91.43654270108594,2019-01-03
566,1001.575851575392,2019-01-04
567,928.804198811921,2019-01-05
568,553.5225910187318,2019-01-06
569,793.7856561556816,2019-01-07
570,388.2081431282856,2019-01-08
571,541.85993681371,2019-01-09
572,782.0963074375808,2019-01-10
573,1223.315225679632,2019-01-11
574,907.2035300953048,2019-01-12
575,427.3571304848167,2019-01-13
576,1001.0784010954368,2019-01-14
577,1273.7178814961392,2019-01-15
578,1131.9847189334232,2019-01-16
579,465.8279529599485,2019-01-17
580,1643.8804054234508,2019-01-18
581,1183.095717284002,2019-01-19
582,150.32900608767906,2019-01-20
583,996.1535835697562,2019-01-21
584,1035.222489677588,2019-01-22
585,6.405625541950268,2019-01-23
586,181.8437983243093,2019-01-24
587,957.4194866593,2019-01-25
588,787.9293526575102,2019-01-26
589,549.6714547673151,2019-01-27
590,249.6671512033118,2019-01-28
591,1075.6930571229266,2019-01-29
592,1202.784711280707,2019-01-30
593,376.1665755206501,2019-01-31
594,661.3714708399788,2019-02-01
595,747.7245874871803,2019-02-02
596,942.3599525132688,2019-02-03
597,34.844436097709874,2019-02-04
598,615.2394471581051,2019-02-05
599,1099.5330598840185,2019-02-06
600,1680.9090319126833,2019-02-07
601,1448.3079911759703,2019-02-08
602,726.3337453189213,2019-02-09
603,342.71462519353264,2019-02-10
604,1112.9228238103633,2019-02-11
605,695.1757020158622,2019-02-12
606,626.193605590677,2019-02-13
607,623.1336864336446,2019-02-14
608,928.0998292016814,2019-02-15
609,1087.1572380110947,2019-02-16
610,1153.3259048781094,2019-02-17
611,1989.6279977697493,2019-02-18
612,1732.7405473422557,2019-02-19
613,892.1556350820141,2019-02-20
614,1171.2633080418514,2019-02-21
615,452.51466607434327,2019-02-22
616,995.4989398665236,2019-02-23
617,1600.0742393756568,2019-02-24
618,2359.7691777611503,2019-02-25
619,2882.765135143552,2019-02-26
620,2029.094539333583,2019-02-27
621,588.4028324045609,2019-02-28
622,1915.635723142114,2019-03-01
623,1018.9595379977033,2019-03-02
624,1127.711609359032,2019-03-03
625,1758.3866798065912,2019-03-04
626,2166.97094198089,2019-03-05
627,1676.4341264374796,2019-03-06
628,1698.8586321529,2019-03-07
629,1579.663224682842,2019-03-08
630,2005.0460384916769,2019-03-09
631,419.2882511544421,2019-03-10
632,776.179145044415,2019-03-11
633,1463.120090473268,2019-03-12
634,813.7084204045623,2019-03-13
635,1335.7121025450415,2019-03-14
636,1098.5733461612683,2019-03-15
637,956.4011395691437,2019-03-16
638,1060.0888603943993,2019-03-17
639,1274.0133474324832,2019-03-18
640,1591.7238359024288,2019-03-19
641,1594.0302140886786,2019-03-20
642,990.27387221306,2019-03-21
643,639.1732350907527,2019-03-22
644,1230.9152853005626,2019-03-23
645,932.2191522285732,2019-03-24
646,1298.6690345878192,2019-03-25
647,413.8932362008066,2019-03-26
648,844.4360967363042,2019-03-27
649,1212.3384440745233,2019-03-28
650,911.0426933120896,2019-03-29
651,1472.606224089955,2019-03-30
652,1583.6349850991849,2019-03-31
653,1184.5385203120643,2019-04-01
654,1768.6638161218102,2019-04-02
655,1785.653859262802,2019-04-03
656,1941.9977209686856,2019-04-04
657,915.2470362845246,2019-04-05
658,807.6702234993053,2019-04-06
659,868.1253450456148,2019-04-07
660,579.492595319927,2019-04-08
661,1654.43889957643,2019-04-09
662,1484.9450445628677,2019-04-10
663,905.700626129702,2019-04-11
664,1143.102560188147,2019-04-12
665,1178.9743640962315,2019-04-13
666,355.18650799713083,2019-04-14
667,602.8691542644258,2019-04-15
668,575.0648777882458,2019-04-16
669,1602.2604739632186,2019-04-17
670,1041.8920750630996,2019-04-18
671,2117.53134793504,2019-04-19
672,1826.42343239824,2019-04-20
673,2093.36112091691,2019-04-21
674,1634.118800064907,2019-04-22
675,1055.3695744790475,2019-04-23
676,1143.96718784164,2019-04-24
677,1571.1551335641532,2019-04-25
678,1585.7859298967928,2019-04-26
679,717.0973753883904,2019-04-27
680,1109.4280662893357,2019-04-28
681,87.55534159696374,2019-04-29
682,1612.0873021744803,2019-04-30
683,634.191849693788,2019-05-01
684,1323.3390759178594,2019-05-02
685,650.73088931094,2019-05-03
686,302.2016606397248,2019-05-04
687,938.3213388050988,2019-05-05
688,1219.5252613521511,2019-05-06
689,1387.822654019706,2019-05-07
690,1620.3707776437184,2019-05-08
691,1775.4800130565166,2019-05-09
692,1978.19195388078,2019-05-10
693,2527.3067262038016,2019-05-11
694,2571.853542306057,2019-05-12
695,1735.6061867644046,2019-05-13
696,2764.3178695426745,2019-05-14
697,1428.6129327808517,2019-05-15
698,1934.8985043511111,2019-05-16
699,1478.2195305369223,2019-05-17
700,1689.443792504489,2019-05-18
701,1405.5178785938472,2019-05-19
702,689.5436144821036,2019-05-20
703,1867.1790992329072,2019-05-21
704,1228.2883783426714,2019-05-22
705,1757.1406062245037,2019-05-23
706,2045.649498458689,2019-05-24
707,1904.0735533655047,2019-05-25
708,2513.434400691809,2019-05-26
709,1470.4434631182123,2019-05-27
710,498.1664382311165,2019-05-28
711,1000.4773730267202,2019-05-29
712,2260.4264572517823,2019-05-30
713,1139.6319501583212,2019-05-31
714,888.67814476152,2019-06-01
715,1407.382552411713,2019-06-02
716,2133.648766472844,2019-06-03
717,2472.081081513088,2019-06-04
718,731.9257789593911,2019-06-05
719,628.0493058763537,2019-06-06
720,1127.437815764705,2019-06-07
721,665.6520163818499,2019-06-08
722,1173.631579961056,2019-06-09
723,1284.0823746891408,2019-06-10
724,453.975936101628,2019-06-11
725,365.5906806876199,2019-06-12
726,475.94870500582135,2019-06-13
727,76.38691482728017,2019-06-14
728,607.7353097519247,2019-06-15
729,526.8724090013469,2019-06-16
730,490.2904176469368,2019-06-17
731,441.284905285168,2019-06-18
732,500.3071978941673,2019-06-19
733,465.7559544665233,2019-06-20
734,327.7238495744851,2019-06-21
735,1661.3476260818984,2019-06-22
736,1925.1249658455577,2019-06-23
737,1525.7725332978694,2019-06-24
738,1375.9463102482264,2019-06-25
739,137.98710767289904,2019-06-26
740,685.9241163002633,2019-06-27
741,1190.245960297932,2019-06-28
742,958.1171615394326,2019-06-29
743,547.949663726238,2019-06-30
744,890.9822557601323,2019-07-01
745,929.4742357639432,2019-07-02
746,51.57410974079046,2019-07-03
747,375.1215525253076,2019-07-04
748,398.9578784794548,2019-07-05
749,102.92590280515456,2019-07-06
750,365.0756579750425,2019-07-07
751,613.8676697324031,2019-07-08
752,25.32937669814285,2019-07-09
753,1349.3912755426336,2019-07-10
754,1358.2632576706667,2019-07-11
755,1284.0537903863744,2019-07-12
756,429.17681763978624,2019-07-13
757,1325.2277859635867,2019-07-14
758,1051.9831437177882,2019-07-15
759,441.033601560457,2019-07-16
760,201.50485927540723,2019-07-17
761,635.4035226345335,2019-07-18
762,574.4134360461617,2019-07-19
763,923.617404959612,2019-07-20
764,879.4300568412827,2019-07-21
765,1235.1156564535183,2019-07-22
766,820.7284601998921,2019-07-23
767,532.0843776792165,2019-07-24
768,458.86859660486687,2019-07-25
769,1036.313849657025,2019-07-26
770,563.8825423532721,2019-07-27
771,740.7434417286837,2019-07-28
772,90.15111150358597,2019-07-29
773,586.3260456761843,2019-07-30
774,573.8446498832396,2019-07-31
775,574.0206655980128,2019-08-01
776,29.798494657556663,2019-08-02
777,593.2902502063607,2019-08-03
778,723.6624850389102,2019-08-04
779,289.4089796815676,2019-08-05
780,782.8702783788502,2019-08-06
781,1369.2572020043767,2019-08-07
782,987.0903581978844,2019-08-08
783,618.5933109429625,2019-08-09
784,958.5860228509014,2019-08-10
785,618.1898402501729,2019-08-11
786,952.2029132470044,2019-08-12
787,265.6273436102942,2019-08-13
788,474.8235406154767,2019-08-14
789,1307.214279534361,2019-08-15
790,1002.5993627705612,2019-08-16
791,726.7522860465955,2019-08-17
792,363.2000489253527,2019-08-18
793,255.19598241951624,2019-08-19
794,386.6063660032206,2019-08-20
795,153.83309895456904,2019-08-21
796,491.953893637662,2019-08-22
797,719.4874981077278,2019-08-23
798,535.2948904218562,2019-08-24
799,368.7552578405927,2019-08-25
800,896.3947646680642,2019-08-26
801,507.05104582656526,2019-08-27
802,1373.6735523225902,2019-08-28
803,1287.8402414232758,2019-08-29
804,953.8084011571084,2019-08-30
805,481.4854630557394,2019-08-31
806,770.2430089871649,2019-09-01
807,374.0652325264031,2019-09-02
808,106.81594673517604,2019-09-03
809,141.0358750278651,2019-09-04
810,886.6880555815535,2019-09-05
811,641.2885767848254,2019-09-06
812,620.045199021853,2019-09-07
813,416.1725799484817,2019-09-08
814,352.7938160933751,2019-09-09
815,215.5961318598025,2019-09-10
816,683.5294108482346,2019-09-11
817,591.3630746973463,2019-09-12
818,441.5152099257103,2019-09-13
819,561.0491546055325,2019-09-14
820,562.2197326538457,2019-09-15
821,348.09614098904683,2019-09-16
822,207.3758901128741,2019-09-17
823,362.2911070955031,2019-09-18
824,386.1026254482,2019-09-19
825,429.9600533918975,2019-09-20
826,745.6018474719093,2019-09-21
827,553.5530976808832,2019-09-22
828,738.6256799007103,2019-09-23
829,1075.3790705875072,2019-09-24
830,934.838751716056,2019-09-25
831,709.7414629798801,2019-09-26
832,208.34703459207768,2019-09-27
833,11.280923772584028,2019-09-28
834,554.511611697242,2019-09-29
835,808.9976454396104,2019-09-30
836,119.18015692887218,2019-10-01
837,892.5174312428788,2019-10-02
838,632.8992710307512,2019-10-03
839,130.12425035207053,2019-10-04
840,549.1148467889844,2019-10-05
841,188.0017287415866,2019-10-06
842,64.50440049728647,2019-10-07
843,712.0243335209801,2019-10-08
844,543.6501330408146,2019-10-09
845,338.46294522481946,2019-10-10
846,602.7813351031352,2019-10-11
847,647.590031825321,2019-10-12
848,413.8893136052855,2019-10-13
849,401.6618140150513,2019-10-14
850,152.9337926526503,2019-10-15
851,755.9792821344187,2019-10-16
852,860.1832019046751,2019-10-17
853,850.1597952361728,2019-10-18
854,409.3371054127358,2019-10-19
855,209.10091579563544,2019-10-20
856,348.309513901257,2019-10-21
857,674.1051731565801,2019-10-22
858,559.213010927141,2019-10-23
859,656.5049525323396,2019-10-24
860,106.72656594703754,2019-10-25
861,494.5913557194961,2019-10-26
862,352.1545424067086,2019-10-27
863,332.5875932296452,2019-10-28
864,89.58176642287327,2019-10-29
865,829.2040607131798,2019-10-30
866,294.9205001327414,2019-10-31
867,243.9733206704297,2019-11-01
868,650.6253533207241,2019-11-02
869,630.802546155143,2019-11-03
870,359.87757755200795,2019-11-04
871,300.68361718968555,2019-11-05
872,326.2365589641831,2019-11-06
873,407.1782322348579,2019-11-07
874,216.02741220805888,2019-11-08
875,501.24278046280574,2019-11-09
876,238.89292005599387,2019-11-10
877,535.4512676462381,2019-11-11
878,292.2275743632198,2019-11-12
879,190.5589434543768,2019-11-13
880,284.7897348847269,2019-11-14
881,429.9157153341296,2019-11-15
882,418.7770458761674,2019-11-16
883,448.6728725769064,2019-11-17
884,131.77514157935025,2019-11-18
885,96.07325645360744,2019-11-19
886,119.40533000376408,2019-11-20
887,355.0734083669993,2019-11-21
888,672.7782964514672,2019-11-22
889,676.294150411457,2019-11-23
890,835.6414083900748,2019-11-24
891,1037.827948411198,2019-11-25
892,180.21617941335148,2019-11-26
893,284.9678249024753,2019-11-27
894,460.0230160331564,2019-11-28
895,384.2058204205025,2019-11-29
896,292.7686784148218,2019-11-30
897,329.11414882738774,2019-12-01
898,331.3461689091775,2019-12-02
899,209.48327786375285,2019-12-03
900,284.33590210137623,2019-12-04
901,720.0337420389606,2019-12-05
902,630.3008423700225,2019-12-06
903,314.8244476690056,2019-12-07
904,330.0550798619174,2019-12-08
905,360.2100301658939,2019-12-09
906,497.0029481967384,2019-12-10
907,659.0494398091538,2019-12-11
908,836.479630408921,2019-12-12
909,540.835111888433,2019-12-13
910,582.315749706993,2019-12-14
911,674.4046770451904,2019-12-15
912,119.1914486281352,2019-12-16
913,691.7728605552223,2019-12-17
914,138.71877647711003,2019-12-18
915,96.41843082273328,2019-12-19
916,326.7863934686532,2019-12-20
917,253.428943458174,2019-12-21
918,333.82661404166544,2019-12-22
919,312.3455274652073,2019-12-23
920,123.81295057961216,2019-12-24
921,10.54172943599984,2019-12-25
922,364.68809450102026,2019-12-26
923,443.2666227835807,2019-12-27
924,482.85995672874895,2019-12-28
925,34.10439032200066,2019-12-29
926,9.76271000181469,2019-12-30
927,307.75460277712546,2019-12-31
928,48.14363371418111,2020-01-01
929,162.86118101486684,2020-01-02
930,350.79030941745987,2020-01-03
931,418.8563698399542,2020-01-04
932,377.7760542203795,2020-01-05
933,489.2230073409447,2020-01-06
934,210.37856912084945,2020-01-07
935,572.3360347587252,2020-01-08
936,304.2264723797822,2020-01-09
937,533.0336361579351,2020-01-10
938,231.01377157935,2020-01-11
939,501.1951319689281,2020-01-12
940,477.161696880143,2020-01-13
941,624.4254634532377,2020-01-14
942,526.6493484019169,2020-01-15
943,705.5200694879188,2020-01-16
944,29.155673878990967,2020-01-17
945,550.4415956631125,2020-01-18
946,688.5048917040556,2020-01-19
947,629.2008051690399,2020-01-20
948,432.9158544315959,2020-01-21
949,203.81580409630524,2020-01-22
950,517.2263802582256,2020-01-23
951,281.5930099447978,2020-01-24
952,436.0002481837285,2020-01-25
953,152.8803296439133,2020-01-26
954,235.00016727561675,2020-01-27
955,470.6998291455877,2020-01-28
956,105.97168758734286,2020-01-29
957,388.75811436184273,2020-01-30
958,511.3883127821645,2020-01-31
959,485.0103521474527,2020-02-01
960,578.9318562365706,2020-02-02
961,433.6576373198123,2020-02-03
962,889.7419860619384,2020-02-04
963,821.0153631409153,2020-02-05
964,591.2568774180987,2020-02-06
965,495.54736780816216,2020-02-07
966,436.3975999205607,2020-02-08
967,477.9248088805228,2020-02-09
968,443.2851445035001,2020-02-10
969,597.2629895956019,2020-02-11
970,645.917324127687,2020-02-12
971,1016.3749018807002,2020-02-13
972,192.374721713677,2020-02-14
973,1014.2578219605622,2020-02-15
974,792.168623245046,2020-02-16
975,700.0628797532897,2020-02-17
976,926.7621492436992,2020-02-18
977,594.2268173967753,2020-02-19
978,720.116260301162,2020-02-20
979,809.5087997344332,2020-02-21
980,686.6594487493082,2020-02-22
981,422.2515779431807,2020-02-23
982,263.0034429369461,2020-02-24
983,459.9584250778765,2020-02-25
984,679.844148346888,2020-02-26
985,618.6367807964689,2020-02-27
986,541.2755217153693,2020-02-28
987,519.3625995149932,2020-02-29
988,1160.1932888625718,2020-03-01
989,673.5134746111127,2020-03-02
990,564.2299465343766,2020-03-03
991,363.06392452613625,2020-03-04
992,541.8800517948739,2020-03-05
993,490.74696466740266,2020-03-06
994,429.6094369568643,2020-03-07
995,698.4473664504185,2020-03-08
996,676.5389870683221,2020-03-09
997,534.505974887426,2020-03-10
998,610.4265923766393,2020-03-11
999,652.2404262321326,2020-03-12
1000,1128.4908338807445,2020-03-13
1001,517.5618163119153,2020-03-14
1002,693.4785762907775,2020-03-15
1003,926.1971917890988,2020-03-16
1004,544.3581200322667,2020-03-17
1005,635.5142040888026,2020-03-18
1006,1025.470836685194,2020-03-19
1007,1117.751590444378,2020-03-20
1008,605.6240375379354,2020-03-21
1009,483.4808125216821,2020-03-22
1010,665.6237743129011,2020-03-23
1011,739.8680545588763,2020-03-24
1012,869.0097929303155,2020-03-25
1013,946.0839831753074,2020-03-26
1014,929.0924098218004,2020-03-27
1015,659.1579522078076,2020-03-28
1016,671.9029992215723,2020-03-29
1017,1251.3521197669172,2020-03-30
1018,662.7103966596117,2020-03-31
1019,512.928155826781,2020-04-01
1020,384.8973491914656,2020-04-02
1021,533.1545778164958,2020-04-03
1022,569.8096032702418,2020-04-04
1023,437.2763204878162,2020-04-05
1024,340.6241844209086,2020-04-06
1025,502.7403430022552,2020-04-07
1026,842.2438232639344,2020-04-08
1027,139.98329580001672,2020-04-09
1028,910.351465813882,2020-04-10
1029,715.3707718294999,2020-04-11
1030,521.486616129437,2020-04-12
1031,210.70160219679823,2020-04-13
1032,443.0146577082838,2020-04-14
1033,527.4420260709247,2020-04-15
1034,463.5256608053155,2020-04-16
1035,483.2224722077333,2020-04-17
1036,451.45367664500026,2020-04-18
1037,423.8135821418217,2020-04-19
1038,480.6825628529848,2020-04-20
1039,660.258233708693,2020-04-21
1040,720.5517327294468,2020-04-22
1041,542.5756326946665,2020-04-23
1042,391.80158941006687,2020-04-24
1043,832.5068918619021,2020-04-25
1044,342.91907920602245,2020-04-26
1045,843.4097857177275,2020-04-27
1046,333.65001622171496,2020-04-28
1047,654.817215876268,2020-04-29
1048,88.14043933391638,2020-04-30
1049,829.1160098050989,2020-05-01
1050,278.21974726337606,2020-05-02
1051,204.6106114074464,2020-05-03
1052,292.830365334964,2020-05-04
1053,276.6806247446128,2020-05-05
1054,670.5701317168108,2020-05-06
1055,814.6091819053738,2020-05-07
1056,577.4577765306731,2020-05-08
1057,622.3474397906934,2020-05-09
1058,714.2133359296577,2020-05-10
1059,262.8239560125833,2020-05-11
1060,509.3194182380637,2020-05-12
1061,291.1568247705845,2020-05-13
1062,182.4515879278083,2020-05-14
1063,409.2568297098235,2020-05-15
1064,212.89270433997083,2020-05-16
1065,1217.218287611073,2020-05-17
1066,1151.8332965997415,2020-05-18
1067,382.0836908683728,2020-05-19
1068,201.39407449750823,2020-05-20
1069,64.09613204041136,2020-05-21
1070,797.803395932002,2020-05-22
1071,1962.193367233932,2020-05-23
1072,1813.6657830329284,2020-05-24
1073,881.7802400740239,2020-05-25
1074,845.9693783453977,2020-05-26
1075,1386.5322267776455,2020-05-27
1076,2925.372769663,2020-05-28
1077,697.1848865550777,2020-05-29
1078,908.8953227845614,2020-05-30
1079,320.5111720853135,2020-05-31
1080,181.39022922846604,2020-06-01
1081,512.4135443271836,2020-06-02
1082,365.5672516922498,2020-06-03
1083,174.30877104361346,2020-06-04
1084,224.8278174104157,2020-06-05
1085,391.32114119350194,2020-06-06
1086,1237.939798798734,2020-06-07
1087,703.0195481941188,2020-06-08
1088,210.674953217016,2020-06-09
1089,1185.5250424277954,2020-06-10
1090,581.654945644567,2020-06-11
1091,691.5030652690539,2020-06-12
1092,439.94413401448986,2020-06-13
1093,1073.4634311339664,2020-06-14
1094,552.931787569421,2020-06-15
1095,24.935972214896484,2020-06-16
1096,16.93956300376861,2020-06-17
1097,549.6489100175188,2020-06-18
1098,420.66623719227744,2020-06-19
1099,120.0630694457506,2020-06-20
1100,165.76174875345447,2020-06-21
1101,385.6693148915463,2020-06-22
1102,469.2087778829309,2020-06-23
1103,493.65651535241,2020-06-24
1104,353.6634498830754,2020-06-25
1105,518.0139021911018,2020-06-26
1106,406.6089696681207,2020-06-27
1107,327.9504563036039,2020-06-28
1108,56.49113026085005,2020-06-29
1109,246.69725832545905,2020-06-30
1110,522.2372057810494,2020-07-01
1111,855.0504229042411,2020-07-02
1112,522.6833848815869,2020-07-03
1113,689.96905384599,2020-07-04
1114,406.8197931323941,2020-07-05
1115,784.0015986198764,2020-07-06
1116,441.98559148357,2020-07-07
1117,641.4411485533046,2020-07-08
1118,496.19474985397625,2020-07-09
1119,489.9995403800308,2020-07-10
1120,356.5986751651302,2020-07-11
1121,554.6079516394129,2020-07-12
1122,1016.8964189366052,2020-07-13
1123,669.150499376445,2020-07-14
1124,529.8268765969315,2020-07-15
1125,622.0622639965753,2020-07-16
1126,1072.6760984818686,2020-07-17
1127,604.8353003495201,2020-07-18
1128,719.3755352444825,2020-07-19
1129,668.7658754570909,2020-07-20
1130,655.4093279686022,2020-07-21
1131,900.5342995730911,2020-07-22
1132,687.6194974238871,2020-07-23
1133,576.4651958746663,2020-07-24
1134,341.09464946578913,2020-07-25
1135,956.435985388889,2020-07-26
1136,725.3929044447176,2020-07-27
1137,534.5468404556769,2020-07-28
1138,163.7094054392348,2020-07-29
1139,659.5416106301811,2020-07-30
1140,847.1772015507565,2020-07-31
1141,470.6636690388154,2020-08-01
1142,764.3550020124418,2020-08-02
1143,657.7533667401453,2020-08-03
1144,691.7966602845493,2020-08-04
1145,989.7623640971548,2020-08-05
1146,913.2108908147172,2020-08-06
1147,460.2950210019299,2020-08-07
1148,643.0337597979097,2020-08-08
1149,503.6236816417664,2020-08-09
1150,618.4624026097813,2020-08-10
1151,671.9195615553355,2020-08-11
1152,384.4943402400029,2020-08-12
1153,723.796929618441,2020-08-13
1154,300.2680554228384,2020-08-14
1155,466.8197734479717,2020-08-15
1156,402.9889313238392,2020-08-16
1157,484.5495167551417,2020-08-17
1158,700.5023935949754,2020-08-18
1159,369.1120025472854,2020-08-19
1160,1136.6735287373772,2020-08-20
1161,632.5419650872657,2020-08-21
1162,285.9497596160379,2020-08-22
1163,338.6168059720142,2020-08-23
1164,230.7479615583452,2020-08-24
1165,428.1179125967077,2020-08-25
1166,204.53937369778103,2020-08-26
1167,269.5749709000732,2020-08-27
1168,693.6454800871934,2020-08-28
1169,420.58824012116605,2020-08-29
1170,281.2373236905913,2020-08-30
1171,225.96042960029897,2020-08-31
1172,230.16989083473592,2020-09-01
1173,172.03831273249983,2020-09-02
1174,162.42956763144934,2020-09-03
1175,195.80515233352807,2020-09-04
1176,237.79476567666333,2020-09-05
1177,289.22468488588527,2020-09-06
1178,265.94149353505514,2020-09-07
1179,141.42304908113624,2020-09-08
1180,310.06175496071245,2020-09-09
1181,277.91445477705014,2020-09-10
1182,259.7752288961309,2020-09-11
1183,130.61070938120673,2020-09-12
1184,253.7260973053389,2020-09-13
1185,206.9267404191941,2020-09-14
1186,288.84866603462865,2020-09-15
1187,232.9254094071602,2020-09-16
1188,154.61853264521125,2020-09-17
1189,65.49159561949321,2020-09-18
1190,110.07753835332372,2020-09-19
1191,172.22143165070338,2020-09-20
1192,185.81362410265143,2020-09-21
1193,195.906089073382,2020-09-22
1194,272.81417950355444,2020-09-23
1195,253.58896830983733,2020-09-24
1196,255.3866383736884,2020-09-25
1197,164.546729844816,2020-09-26
1198,164.14053714635548,2020-09-27
1199,289.858812083472,2020-09-28
1200,311.95109531214763,2020-09-29
1201,310.74814912830834,2020-09-30
1202,243.3339488111021,2020-10-01
1203,285.056035500493,2020-10-02
1204,148.80005256412244,2020-10-03
1205,416.8929283097512,2020-10-04
1206,212.63668959950647,2020-10-05
1207,272.50312660098865,2020-10-06
1208,386.8059536006491,2020-10-07
1209,109.26126491354272,2020-10-08
1210,187.5088095658853,2020-10-09
1211,7.512272799881132,2020-10-10
1212,10.05333994578714,2020-10-11
1213,315.3615332462921,2020-10-12
1214,304.0147499370583,2020-10-13
1215,80.26550866295644,2020-10-14
1216,47.25621977052328,2020-10-15
1217,177.9922425750035,2020-10-16
1218,89.88983833535343,2020-10-17
1219,193.45237831746235,2020-10-18
1220,176.75011833986915,2020-10-19
1221,276.2957791943457,2020-10-20
1222,194.06183756541395,2020-10-21
1223,163.42623320921163,2020-10-22
1224,179.57677292346145,2020-10-23
1225,161.04260684808992,2020-10-24
1226,195.8958303019733,2020-10-25
1227,135.30861657030778,2020-10-26
1228,142.84596724261618,2020-10-27
1229,316.52144703586174,2020-10-28
1230,112.84891094039484,2020-10-29
1231,238.24080549286512,2020-10-30
1232,102.2598109361196,2020-10-31
1233,50.65341571820699,2020-11-01
1234,165.62371174757448,2020-11-02
1235,44.70221405219506,2020-11-03
1236,223.27793616676945,2020-11-04
1237,148.1349600181792,2020-11-05
1238,332.1461146686562,2020-11-06
1239,452.0032894317373,2020-11-07
1240,141.99946773438373,2020-11-08
1241,285.8740594581574,2020-11-09
1242,336.29960371241816,2020-11-10
1243,135.90586217213644,2020-11-11
1244,231.6349708548204,2020-11-12
1245,244.96468883760943,2020-11-13
1246,212.9755497870288,2020-11-14
1247,52.2378573922958,2020-11-15
1248,198.23341947430103,2020-11-16
1249,397.7100432702503,2020-11-17
1250,500.3372374549981,2020-11-18
1251,285.08395803069305,2020-11-19
1252,309.93004824676194,2020-11-20
1253,530.0980205930695,2020-11-21
1254,599.9619978738859,2020-11-22
1255,447.5280196834357,2020-11-23
1256,371.17297766433273,2020-11-24
1257,676.6100597573247,2020-11-25
1258,885.637198116614,2020-11-26
1259,480.25646309509386,2020-11-27
1260,348.7121131869738,2020-11-28
1261,310.642693417547,2020-11-29
1262,499.0255259975923,2020-11-30
1263,394.25637168153753,2020-12-01
1264,408.0257899135183,2020-12-02
1265,590.4117241414207,2020-12-03
1266,608.4958258940588,2020-12-04
1267,180.5185642904602,2020-12-05
1268,196.306721980987,2020-12-06
1269,118.76968027713728,2020-12-07
1270,218.5833770093301,2020-12-08
1271,520.8641385245957,2020-12-09
1272,434.79087019296026,2020-12-10
1273,301.83184577598087,2020-12-11
1274,331.50722489304536,2020-12-12
1275,312.0335850033458,2020-12-13
1276,677.537983463237,2020-12-14
1277,1468.4340058549726,2020-12-15
1278,1595.716950806826,2020-12-16
1279,413.3794475914172,2020-12-17
1280,321.4468830860311,2020-12-18
1281,352.91546035784995,2020-12-19
1282,95.80254761194456,2020-12-20
1283,590.6155711736727,2020-12-21
1284,605.0795865546386,2020-12-22
1285,778.5319146921382,2020-12-23
1286,601.2879300410914,2020-12-24
1287,535.977543697615,2020-12-25
1288,1053.079246662671,2020-12-26
1289,845.9940594112697,2020-12-27
1290,448.2755829065165,2020-12-28
1291,868.2339649703518,2020-12-29
1292,270.5353014173384,2020-12-30
1293,493.2858534232054,2020-12-31
1294,380.6734523944649,2021-01-01
1295,495.9355520049682,2021-01-02
1296,593.5476931366088,2021-01-03
1297,799.1059809431111,2021-01-04
1298,715.5703903726343,2021-01-05
1299,883.4451055483472,2021-01-06
1300,875.1523335508101,2021-01-07
1301,927.1499310281338,2021-01-08
1302,586.9676680988521,2021-01-09
1303,724.5118278680717,2021-01-10
1304,1235.87078734892,2021-01-11
1305,1159.068432628659,2021-01-12
1306,969.3349482791494,2021-01-13
1307,1051.781780124692,2021-01-14
1308,1326.5214397174036,2021-01-15
1309,1677.4172230763345,2021-01-16
1310,738.602843010412,2021-01-17
1311,1081.7163838358106,2021-01-18
1312,1008.5388587977104,2021-01-19
1313,739.5316687330395,2021-01-20
1314,1200.8916816079404,2021-01-21
1315,843.5952299856165,2021-01-22
1316,531.9124156921381,2021-01-23
1317,834.5087999390638,2021-01-24
1318,1232.3851013129588,2021-01-25
1319,156.37852147097837,2021-01-26
1320,571.9068416846246,2021-01-27
1321,884.9234604041021,2021-01-28
1322,731.1102141114989,2021-01-29
1323,449.4220924539811,2021-01-30
1324,603.5003859480684,2021-01-31
1325,898.9674135406412,2021-02-01
1326,914.9579584102038,2021-02-02
1327,866.4447725569042,2021-02-03
1328,980.6110660918516,2021-02-04
1329,1178.0415153757444,2021-02-05
1330,762.2242583820778,2021-02-06
1331,664.3305407507542,2021-02-07
1332,703.9638990728812,2021-02-08
1333,920.3598578423624,2021-02-09
1334,905.369796851454,2021-02-10
1335,1159.1812234302731,2021-02-11
1336,904.8681497619305,2021-02-12
1337,1088.5854243500278,2021-02-13
1338,1110.4537051429168,2021-02-14
1339,1015.801094164538,2021-02-15
1340,606.5579198716397,2021-02-16
1341,1757.6858427679729,2021-02-17
1342,2749.6673332253954,2021-02-18
1343,1735.6510273584702,2021-02-19
1344,1273.1810387925043,2021-02-20
1345,1673.7002107844369,2021-02-21
1346,1823.1704862830647,2021-02-22
1347,1981.4846738579795,2021-02-23
1348,1644.263901393449,2021-02-24
1349,988.9759839333736,2021-02-25
1350,1092.0012140713584,2021-02-26
1351,815.4142980035832,2021-02-27
1352,1286.0817150400756,2021-02-28
1353,1465.8680798777375,2021-03-01
1354,1616.1653836257076,2021-03-02
1355,2094.7537612202773,2021-03-03
1356,2301.6093069195067,2021-03-04
1357,1605.446441436328,2021-03-05
1358,2172.1718304108363,2021-03-06
1359,1500.4837053672409,2021-03-07
1360,1704.0085597750417,2021-03-08
1361,1082.426548513973,2021-03-09
1362,616.5023403704812,2021-03-10
1363,1537.2390356958322,2021-03-11
1364,934.1076314582,2021-03-12
1365,1416.5638739599578,2021-03-13
1366,1000.6871082175554,2021-03-14
1367,811.5846908492686,2021-03-15
1368,1305.6612706205185,2021-03-16
1369,1338.420785824025,2021-03-17
1370,665.81795828696,2021-03-18
1371,842.3431198125803,2021-03-19
1372,749.0052991469915,2021-03-20
1373,701.3002952958402,2021-03-21
1374,640.1196343373442,2021-03-22
1375,575.7663621042358,2021-03-23
1376,1084.962751025412,2021-03-24
1377,790.5302436896591,2021-03-25
1378,546.445588182478,2021-03-26
1379,740.5603212026283,2021-03-27
1380,917.6965879769994,2021-03-28
1381,904.367260835808,2021-03-29
1382,636.7001774984946,2021-03-30
1383,791.7821836872446,2021-03-31
1384,932.0333622286032,2021-04-01
1385,1068.8749977621287,2021-04-02
1386,876.385045968561,2021-04-03
1387,140.57050612005588,2021-04-04
1388,610.0376872100619,2021-04-05
1389,1268.7917441525633,2021-04-06
1390,40.29305295304431,2021-04-07
1391,28.808699001476505,2021-04-08
1392,1373.465406514904,2021-04-09
1393,461.2720742424201,2021-04-10
1394,1004.6834636175792,2021-04-11
1395,942.3271652405714,2021-04-12
1396,994.3466006139377,2021-04-13
1397,962.9129664457964,2021-04-14
1398,1969.5386387503515,2021-04-15
1399,1265.532231388963,2021-04-16
1400,1002.1556948492076,2021-04-17
1401,1220.3407933186506,2021-04-18
1402,1577.5602486172304,2021-04-19
1403,981.7706121283412,2021-04-20
1404,329.8294620758819,2021-04-21
1405,1695.4756753933991,2021-04-22
1406,2021.479254424604,2021-04-23
1407,975.2127169589908,2021-04-24
1408,1220.116110444986,2021-04-25
1409,1315.4568519138718,2021-04-26
1410,1767.580783751945,2021-04-27
1411,1688.7178934643664,2021-04-28
1412,1535.4831948553983,2021-04-29
1413,472.5664413348351,2021-04-30
1414,1185.0715482772669,2021-05-01
1415,898.4304022648955,2021-05-02
1416,1483.4361766459062,2021-05-03
1417,1201.2735516549014,2021-05-04
1418,1701.955661369781,2021-05-05
1419,1344.3752142120295,2021-05-06
1420,1548.0407563927715,2021-05-07
1421,775.485542684913,2021-05-08
1422,1452.2920159945245,2021-05-09
1423,877.3969055695921,2021-05-10
1424,250.45851065523323,2021-05-11
1425,1285.8030398340532,2021-05-12
1426,1692.8861386789772,2021-05-13
1427,961.963477701658,2021-05-14
1428,1492.9766335692786,2021-05-15
1429,1461.7268769390043,2021-05-16
1430,1418.56155223419,2021-05-17
1431,2447.629113076105,2021-05-18
1432,3448.802412076768,2021-05-19
1433,2544.8534143014226,2021-05-20
1434,2672.6570605719285,2021-05-21
1435,2769.369586378035,2021-05-22
1436,2949.608474785174,2021-05-23
1437,5143.086754931138,2021-05-24
1438,2872.4434231151604,2021-05-25
1439,2382.560305370479,2021-05-26
1440,1084.7012256642022,2021-05-27
1441,1910.927839742092,2021-05-28
1442,1621.194746519038,2021-05-29
1443,2212.293749155589,2021-05-30
1444,1960.2467421770275,2021-05-31
1445,2214.515252308001,2021-06-01
1446,694.8806416357513,2021-06-02
1447,825.4034219480226,2021-06-03
1448,1912.347480914512,2021-06-04
1449,1610.2797610682003,2021-06-05
1450,1073.4885122437158,2021-06-06
1451,1826.7321450540765,2021-06-07
1452,1080.8530755033023,2021-06-08
1453,927.245252923948,2021-06-09
1454,1105.4225703668433,2021-06-10
1455,1967.9876396102577,2021-06-11
1456,1594.3488519650518,2021-06-12
1457,1522.0350530876135,2021-06-13
1458,1413.6396093741623,2021-06-14
1459,1441.8107637665412,2021-06-15
1460,1297.462939798615,2021-06-16
1461,743.1047641448149,2021-06-17
1462,1984.6124589785427,2021-06-18
1463,1918.174637513593,2021-06-19
1464,1695.88738923024,2021-06-20
1465,3006.5931645929068,2021-06-21
1466,3107.3083924720586,2021-06-22
1467,1648.611407092499,2021-06-23
1468,1903.6357133313315,2021-06-24
1469,2077.177867974045,2021-06-25
1470,2706.236655400239,2021-06-26
1471,2062.6783165697284,2021-06-27
1472,294.8811783480729,2021-06-28
1473,1150.4499102912137,2021-06-29
1474,1535.1163456306117,2021-06-30
1475,1511.2191370369162,2021-07-01
1476,1239.5205393547276,2021-07-02
1477,1356.8867433861028,2021-07-03
1478,753.3594177697067,2021-07-04
1479,1594.9596498255548,2021-07-05
1480,1799.3260050376975,2021-07-06
1481,1689.0289679890868,2021-07-07
1482,1377.9568980691763,2021-07-08
1483,937.967049536859,2021-07-09
1484,1491.5003063508673,2021-07-10
1485,796.8215259023203,2021-07-11
1486,702.852891519832,2021-07-12
1487,1309.4618955558271,2021-07-13
1488,1454.0912168653217,2021-07-14
1489,1074.89577881863,2021-07-15
1490,888.2475020339475,2021-07-16
1491,1011.098215600752,2021-07-17
1492,645.1785892815143,2021-07-18
1493,797.0957403272682,2021-07-19
1494,1821.3836115621928,2021-07-20
1495,1724.2662366848913,2021-07-21
1496,1501.5760387302162,2021-07-22
1497,2172.629662480325,2021-07-23
1498,1049.9488722165288,2021-07-24
1499,1266.58888585216,2021-07-25
1500,1396.2479519535875,2021-07-26
1501,1652.560030558912,2021-07-27
1502,818.4953380137424,2021-07-28
1503,1158.0736671473394,2021-07-29
1504,1184.3196347623557,2021-07-30
1505,1003.4324142463151,2021-07-31
1506,878.2830157266873,2021-08-01
1507,1262.505955445994,2021-08-02
1508,1029.724100873529,2021-08-03
1509,1042.320481618695,2021-08-04
1510,1279.339191743337,2021-08-05
1511,673.3237451905835,2021-08-06
1512,958.0333993940908,2021-08-07
1513,1338.1344557839498,2021-08-08
1514,1317.212408365394,2021-08-09
1515,1253.9285280903289,2021-08-10
1516,1818.06528418639,2021-08-11
1517,300.70593786235696,2021-08-12
1518,672.8163713206807,2021-08-13
1519,681.3156772334271,2021-08-14
1520,526.4120008878094,2021-08-15
1521,988.9639941775074,2021-08-16
1522,1109.4882548521446,2021-08-17
1523,1315.800815215899,2021-08-18
1524,472.3180937324899,2021-08-19
1525,966.3379629164178,2021-08-20
1526,840.1455388592368,2021-08-21
1527,1327.5524329716482,2021-08-22
1528,944.2334943313972,2021-08-23
1529,763.6645598550163,2021-08-24
1530,1083.6929081312187,2021-08-25
1531,1533.6140107804445,2021-08-26
1532,655.4719823029191,2021-08-27
1533,812.707760814082,2021-08-28
1534,344.8873969283763,2021-08-29
1535,1135.5102190049374,2021-08-30
1536,541.9494028440461,2021-08-31
1537,796.6015261328254,2021-09-01
1538,680.8972474185913,2021-09-02
1539,551.6044646020403,2021-09-03
1540,234.80938779490955,2021-09-04
1541,590.3704702606864,2021-09-05
1542,311.5438361110345,2021-09-06
1543,1481.7937899110686,2021-09-07
1544,1491.6454442092736,2021-09-08
1545,881.9023463012787,2021-09-09
1546,1166.5925355481934,2021-09-10
1547,1315.260949577605,2021-09-11
1548,1052.81258656079,2021-09-12
1549,1203.9514217845876,2021-09-13
1550,1531.763590587069,2021-09-14
1551,1115.0086101342072,2021-09-15
1552,893.3169936351865,2021-09-16
1553,820.9425148226945,2021-09-17
1554,485.6419257198679,2021-09-18
1555,914.4387070806374,2021-09-19
1556,1453.1604047668263,2021-09-20
1557,1127.617499571621,2021-09-21
1558,883.7430420604413,2021-09-22
1559,770.1129520218803,2021-09-23
1560,1006.6347488372668,2021-09-24
1561,1184.5530493366937,2021-09-25
1562,269.2239423819452,2021-09-26
1563,754.9288856303914,2021-09-27
1564,371.8007859354831,2021-09-28
1565,855.3980434597125,2021-09-29
1566,849.0997456057445,2021-09-30
1567,845.2323364252683,2021-10-01
1568,519.5580607924197,2021-10-02
1569,1027.3709672857856,2021-10-03
1570,922.5621607683388,2021-10-04
1571,806.8438452138096,2021-10-05
1572,744.9927004718319,2021-10-06
1573,624.7080628519265,2021-10-07
1574,467.32663530472354,2021-10-08
1575,518.8659059589914,2021-10-09
1576,572.4487064051638,2021-10-10
1577,798.5634061373224,2021-10-11
1578,801.0249229367568,2021-10-12
1579,439.0488392401746,2021-10-13
1580,728.9286823643889,2021-10-14
1581,919.5954572408558,2021-10-15
1582,962.3926198439776,2021-10-16
1583,952.4936751585273,2021-10-17
1584,780.2206655871441,2021-10-18
1585,481.0383046395872,2021-10-19
1586,717.9182902346259,2021-10-20
1587,968.9718302359304,2021-10-21
1588,134.32136139253967,2021-10-22
1589,436.96128559685167,2021-10-23
1590,371.1761092573671,2021-10-24
1591,504.89483386996216,2021-10-25
1592,234.06224794471223,2021-10-26
1593,1170.249198785882,2021-10-27
1594,778.8951690758431,2021-10-28
1595,680.3482712719876,2021-10-29
1596,732.9948941205721,2021-10-30
1597,1107.510923724025,2021-10-31
1598,909.5912177622644,2021-11-01
1599,897.1656668889148,2021-11-02
1600,797.4590514637013,2021-11-03
1601,508.6852250036157,2021-11-04
1602,649.9475777093747,2021-11-05
1603,633.0952307263088,2021-11-06
1604,388.45053793135605,2021-11-07
1605,933.9092991064382,2021-11-08
1606,599.4299525022079,2021-11-09
1607,724.8236412722956,2021-11-10
1608,570.0725602352669,2021-11-11
1609,554.6268229723078,2021-11-12
1610,601.2926393760823,2021-11-13
1611,209.60200804351345,2021-11-14
1612,512.4577065771807,2021-11-15
1613,645.3871456902772,2021-11-16
1614,474.7182793268396,2021-11-17
1615,613.1266518338475,2021-11-18
1616,660.8204705365908,2021-11-19
1617,340.2400405166074,2021-11-20
1618,242.2063271504844,2021-11-21
1619,602.3661786870192,2021-11-22
1620,1003.4088357618714,2021-11-23
1621,868.6157440627334,2021-11-24
1622,1239.8759093574818,2021-11-25
1623,1315.1052042586718,2021-11-26
1624,626.3521003147106,2021-11-27
1625,868.6211203825163,2021-11-28
1626,685.4315777976765,2021-11-29
1627,1092.9314754421623,2021-11-30
1628,81.18205200029696,2021-12-01
1629,642.4589188071923,2021-12-02
1630,760.715587272579,2021-12-03
1631,1304.7919754434126,2021-12-04
1632,892.9793471075609,2021-12-05
1633,1096.3750600101123,2021-12-06
1634,769.6942014175146,2021-12-07
1635,951.0681684256634,2021-12-08
1636,932.9728981853584,2021-12-09
1637,694.0051851560789,2021-12-10
1638,742.013459622942,2021-12-11
1639,76.41754185410612,2021-12-12
1640,576.6331049262841,2021-12-13
1641,630.3552017128096,2021-12-14
1642,713.0002080310785,2021-12-15
1643,473.5507716853196,2021-12-16
1644,626.541156396205,2021-12-17
1645,616.8492495017426,2021-12-18
1646,667.7530433567264,2021-12-19
1647,713.0966050947782,2021-12-20
1648,432.4025719342399,2021-12-21
1649,645.5209385211972,2021-12-22
1650,636.6191174989781,2021-12-23
1651,495.860920684198,2021-12-24
1652,517.915646425416,2021-12-25
1653,625.879132656171,2021-12-26
1654,696.1328272448502,2021-12-27
1655,912.7546494412364,2021-12-28
1656,200.8536616108904,2021-12-29
1657,104.62171132449802,2021-12-30
1658,479.34468386700894,2021-12-31
1659,769.3737697309119,2022-01-01
1660,464.64265858004825,2022-01-02
1661,236.66957688923665,2022-01-03
1662,427.006569893972,2022-01-04
1663,758.7577095780667,2022-01-05
1664,21.3138712434447,2022-01-06
1665,653.4495154339867,2022-01-07
1666,269.44635951356224,2022-01-08
1667,407.68944124728654,2022-01-09
1668,41.848484774674496,2022-01-10
1669,298.2878502746317,2022-01-11
1670,262.1028443581679,2022-01-12
1671,101.14921831074724,2022-01-13
1672,149.78319594759537,2022-01-14
1673,147.195107917671,2022-01-15
1674,347.6395936650749,2022-01-16
1675,314.7991327339629,2022-01-17
1676,321.8142375758126,2022-01-18
1677,281.1010931574637,2022-01-19
1678,192.27889969757769,2022-01-20
1679,73.08464862846111,2022-01-21
1680,1060.2458275946906,2022-01-22
1681,682.7300518302557,2022-01-23
1682,227.4117401026573,2022-01-24
1683,262.2679995651434,2022-01-25
1684,511.424573918607,2022-01-26
1685,561.33130859556,2022-01-27
1686,412.1893553187778,2022-01-28
1687,347.2486913017741,2022-01-29
1688,496.7857805929021,2022-01-30
1689,411.9199704876687,2022-01-31
1690,333.6434253111106,2022-02-01
1691,424.3946914389297,2022-02-02
1692,377.6821317741965,2022-02-03
1693,369.3587396887462,2022-02-04
1694,340.7840234862153,2022-02-05
1695,227.37012913647268,2022-02-06
1696,458.3038093147532,2022-02-07
1697,631.2724252840342,2022-02-08
1698,39.16908238901284,2022-02-09
1699,99.10678869683105,2022-02-10
1700,407.4578324703552,2022-02-11
1701,249.20199222510303,2022-02-12
1702,272.94512668060617,2022-02-13
1703,333.6377804767832,2022-02-14
1704,176.86269973301316,2022-02-15
1705,243.58419442015884,2022-02-16
1706,120.0732456225311,2022-02-17
1707,30.38259636201124,2022-02-18
1708,217.01106126144063,2022-02-19
1709,611.7856721493671,2022-02-20
1710,294.22597873206337,2022-02-21
1711,221.12922113050925,2022-02-22
1712,193.3944781352048,2022-02-23
1713,556.6858024034113,2022-02-24
1714,278.93619105489944,2022-02-25
1715,273.6066997059753,2022-02-26
1716,529.5556558752686,2022-02-27
1717,173.33906831271602,2022-02-28
1718,525.418227070592,2022-03-01
1719,485.78264602239966,2022-03-02
1720,353.9971117333163,2022-03-03
1721,274.9254610548943,2022-03-04
1722,491.3033419094623,2022-03-05
1723,438.4707926835718,2022-03-06
1724,664.2801428916971,2022-03-07
1725,465.85624114818216,2022-03-08
1726,573.0572907226295,2022-03-09
1727,670.3539815273987,2022-03-10
1728,493.2677454351777,2022-03-11
1729,390.9065725756772,2022-03-12
1730,711.8619477692678,2022-03-13
1731,43.914373551590856,2022-03-14
1732,392.355110837834,2022-03-15
1733,540.074825058831,2022-03-16
1734,552.7586046143159,2022-03-17
1735,358.64748540296347,2022-03-18
1736,731.9076686239475,2022-03-19
1737,387.0552598831216,2022-03-20
1738,758.4304773942014,2022-03-21
1739,371.5602510073722,2022-03-22
1740,553.5880360666157,2022-03-23
1741,420.5077622805794,2022-03-24
1742,383.5148771546464,2022-03-25
1743,513.9873321106455,2022-03-26
1744,326.6256138783262,2022-03-27
1745,456.8081448798651,2022-03-28
1746,548.9936764012267,2022-03-29
1747,489.0864846289749,2022-03-30
1748,253.2100407173264,2022-03-31
1749,629.647709726797,2022-04-01
1750,394.9969975871855,2022-04-02
1751,481.85560214333583,2022-04-03
1752,350.170996177296,2022-04-04
1753,266.51960496959475,2022-04-05
1754,319.6049964091716,2022-04-06
1755,124.3043081067661,2022-04-07
1756,384.0500266220482,2022-04-08
1757,411.2391329945032,2022-04-09
1758,464.6515222328446,2022-04-10
1759,1027.6688825204374,2022-04-11
1760,761.6837275108489,2022-04-12
1761,419.19549848051065,2022-04-13
1762,822.0998708429148,2022-04-14
1763,989.7846851378414,2022-04-15
1764,520.0359018275178,2022-04-16
1765,186.6368038862461,2022-04-17
1766,480.5843087407833,2022-04-18
1767,406.5683395981924,2022-04-19
1768,366.4934463336762,2022-04-20
1769,479.00716646704745,2022-04-21
1770,402.45001394164734,2022-04-22
1771,451.2789470271856,2022-04-23
1772,316.7633240549422,2022-04-24
1773,633.0460667700152,2022-04-25
1774,352.2884990568052,2022-04-26
1775,73.02796751604355,2022-04-27
1776,387.9818719506409,2022-04-28
1777,362.3813175326222,2022-04-29
1778,309.21900232790074,2022-04-30
1779,313.045056770393,2022-05-01
1780,493.42846139034265,2022-05-02
1781,366.16498051944177,2022-05-03
1782,452.6853375862921,2022-05-04
1783,294.9875907117881,2022-05-05
1784,160.23467483217686,2022-05-06
1785,275.53338835396,2022-05-07
1786,458.6314107441964,2022-05-08
1787,427.8228935345904,2022-05-09
1788,488.17592334869846,2022-05-10
1789,158.0328387598917,2022-05-11
1790,894.3161732515462,2022-05-12
1791,599.3489994997403,2022-05-13
1792,1430.6275783791896,2022-05-14
1793,1392.9916478288292,2022-05-15
1794,529.1860160531876,2022-05-16
1795,740.4187490594333,2022-05-17
1796,636.5754247961314,2022-05-18
1797,802.1902071773126,2022-05-19
1798,45.9284235403823,2022-05-20
1799,353.2355012338245,2022-05-21
1800,541.0242326410003,2022-05-22
1801,828.5690423835886,2022-05-23
1802,646.1831282746055,2022-05-24
1803,375.353942450966,2022-05-25
1804,633.7606042607296,2022-05-26
1805,622.1576938551228,2022-05-27
1806,312.4505454012199,2022-05-28
1807,262.22363120649425,2022-05-29
1808,569.4899617365696,2022-05-30
1809,254.6286340077692,2022-05-31
1810,393.6910470048661,2022-06-01
1811,177.1094610781515,2022-06-02
1812,232.4350617500765,2022-06-03
1813,289.0895415116334,2022-06-04
1814,295.40397654342405,2022-06-05
1815,212.2003076622496,2022-06-06
1816,210.51729708653428,2022-06-07
1817,324.9828499892279,2022-06-08
1818,292.10829735461056,2022-06-09
1819,355.81325282825384,2022-06-10
1820,640.651768819288,2022-06-11
1821,571.1543283794196,2022-06-12
1822,797.6531252755467,2022-06-13
1823,364.3894646987542,2022-06-14
1824,405.60732235994953,2022-06-15
1825,215.1521601951136,2022-06-16
1826,300.95780097946647,2022-06-17
1827,558.6661882894883,2022-06-18
1828,695.1244599590738,2022-06-19
1829,446.270596992753,2022-06-20
1830,203.6130960082485,2022-06-21
1831,266.0984577346731,2022-06-22
1832,51.10787441905086,2022-06-23
1833,370.90156774966846,2022-06-24
1834,415.7346517284278,2022-06-25
1835,631.6758758054327,2022-06-26
1836,330.36470793160686,2022-06-27
1837,562.6588128417328,2022-06-28
1838,1049.5353060950536,2022-06-29
1839,418.5347919247884,2022-06-30
1840,343.8732972508481,2022-07-01
1841,686.1432303600171,2022-07-02
1842,594.2609097902446,2022-07-03
1843,395.2598520574933,2022-07-04
1844,341.74503734339555,2022-07-05
1845,101.7755154878889,2022-07-06
1846,133.89721084847127,2022-07-07
1847,348.2587315008401,2022-07-08
1848,267.724632984806,2022-07-09
1849,322.0124915867693,2022-07-10
1850,276.7474941946828,2022-07-11
1851,62.28701132919524,2022-07-12
1852,233.96144002605536,2022-07-13
1853,496.35470925621024,2022-07-14
1854,51.16288477315559,2022-07-15
1855,482.5566962803279,2022-07-16
1856,627.6075664059109,2022-07-17
1857,550.7068580869484,2022-07-18
1858,309.86491523124243,2022-07-19
1859,340.9547396000152,2022-07-20
1860,404.8446452562456,2022-07-21
1861,48.499300301274005,2022-07-22
1862,694.2549074606374,2022-07-23
1863,651.8471526162931,2022-07-24
1864,669.0497023862997,2022-07-25
1865,325.6471636197704,2022-07-26
1866,290.12195165687643,2022-07-27
1867,157.00111981230697,2022-07-28
1868,638.1672979378942,2022-07-29
1869,356.8492460921392,2022-07-30
1870,578.594408642658,2022-07-31
1871,91.72644180022272,2022-08-01
1872,274.1022304875541,2022-08-02
1873,312.6205801716281,2022-08-03
1874,263.9914718141359,2022-08-04
1875,182.148547108734,2022-08-05
1876,269.67981749605497,2022-08-06
1877,221.5531589343869,2022-08-07
1878,616.161223533867,2022-08-08
1879,385.35053365253776,2022-08-09
1880,206.34266322339943,2022-08-10
1881,247.12238734914524,2022-08-11
1882,226.4030137808265,2022-08-12
1883,191.6852444241235,2022-08-13
1884,223.9652536595165,2022-08-14
1885,276.8657087641421,2022-08-15
1886,116.48627996540009,2022-08-16
1887,194.15486774487704,2022-08-17
1888,128.62037549956364,2022-08-18
1889,279.8318818204193,2022-08-19
1890,208.39036991697253,2022-08-20
1891,234.0407799341849,2022-08-21
1892,145.39966525770103,2022-08-22
1893,166.34346789621787,2022-08-23
1894,83.78106861537924,2022-08-24
1895,83.84415777592491,2022-08-25
1896,182.43699006703167,2022-08-26
1897,106.23783769926582,2022-08-27
1898,162.1540029927571,2022-08-28
1899,109.26651820796934,2022-08-29
1900,155.1747675715104,2022-08-30
1901,101.05177118395896,2022-08-31
1902,80.12182880291257,2022-09-01
1903,127.6308948116084,2022-09-02
1904,82.51179425255204,2022-09-03
1905,68.09619606011928,2022-09-04
1906,118.27686167804744,2022-09-05
1907,181.46898905529008,2022-09-06
1908,121.94154709577448,2022-09-07
1909,114.25640935805978,2022-09-08
1910,76.83686737642682,2022-09-09
1911,7.086249656827542,2022-09-10
1912,147.5134761669153,2022-09-11
1913,291.61492699522864,2022-09-12
1914,182.624797952131,2022-09-13
1915,97.4323270589611,2022-09-14
1916,44.67222826486496,2022-09-15
1917,200.4918274423813,2022-09-16
1918,113.87794379710462,2022-09-17
1919,73.00400110694956,2022-09-18
1920,205.9992947625153,2022-09-19
1921,103.81805823381912,2022-09-20
1922,111.51470681338031,2022-09-21
1923,157.15838690273085,2022-09-22
1924,128.06063282099598,2022-09-23
1925,145.82037103235118,2022-09-24
1926,132.65536124616773,2022-09-25
1927,161.97485413371484,2022-09-26
1928,129.70621373905536,2022-09-27
1929,249.6759477486398,2022-09-28
1930,141.0356210973147,2022-09-29
1931,78.32347758582969,2022-09-30
1932,114.1001208564314,2022-10-01
1933,69.21195757892492,2022-10-02
1934,127.01192891587088,2022-10-03
1935,97.38955564504916,2022-10-04
1936,57.52233272338808,2022-10-05
1937,112.13075019078676,2022-10-06
1938,112.73194291186348,2022-10-07
1939,131.95183139273774,2022-10-08
1940,32.13828413107216,2022-10-09
1941,50.53903237565766,2022-10-10
1942,286.16728472913826,2022-10-11
1943,87.89717418361737,2022-10-12
1944,192.56356367525123,2022-10-13
1945,85.07087342122105,2022-10-14
1946,66.66680914768149,2022-10-15
1947,324.3103156657885,2022-10-16
1948,77.02210843851392,2022-10-17
1949,97.83828466449802,2022-10-18
1950,307.7912381112583,2022-10-19
1951,68.86685946251364,2022-10-20
1952,60.52411184204925,2022-10-21
1953,225.36189203835468,2022-10-22
1954,58.767189041301606,2022-10-23
1955,61.93870619421547,2022-10-24
1956,54.79633036919851,2022-10-25
1957,146.386715733203,2022-10-26
1958,82.32256695561719,2022-10-27
1959,559.5919377040665,2022-10-28
1960,89.90094278842228,2022-10-29
1961,121.47462622898982,2022-10-30
1962,70.14850603929776,2022-10-31
1963,114.18183950967848,2022-11-01
1964,100.5946644811651,2022-11-02
1965,21.03973150969305,2022-11-03
1966,266.3658524844967,2022-11-04
1967,113.64442525740206,2022-11-05
1968,81.23753340467653,2022-11-06
1969,63.84183388154971,2022-11-07
1970,301.960878718584,2022-11-08
1971,256.50700103840194,2022-11-09
1972,229.5975096374094,2022-11-10
1973,125.64214948465931,2022-11-11
1974,257.7351265578062,2022-11-12
1975,136.2179476101415,2022-11-13
1976,3.993794452813143,2022-11-14
1977,66.37973943110953,2022-11-15
1978,69.55182213525296,2022-11-16
1979,64.3344259416849,2022-11-17
